{"cameraMode":{"drawMode":0,"name":"Shaded","section":"Shading Mode"},"sceneLighting":true,"audioPlay":false,"sceneViewState":{"m_AlwaysRefresh":false,"showFog":true,"showSkybox":true,"showFlares":true,"showImageEffects":true,"showParticleSystems":true,"showVisualEffectGraphs":true,"m_FxEnabled":true},"in2DMode":false,"pivot":{"x":439.52099609375,"y":386.8987121582031,"z":2.966094970703125},"rotation":{"x":0.013500534929335118,"y":0.011105723679065705,"z":0.00016551271255593747,"w":-0.9998650550842285},"size":147.51963806152345,"orthographic":false}