{"cameraMode":{"drawMode":0,"name":"Shaded","section":"Shading Mode"},"sceneLighting":false,"audioPlay":false,"sceneViewState":{"m_AlwaysRefresh":false,"showFog":false,"showSkybox":false,"showFlares":false,"showImageEffects":false,"showParticleSystems":false,"showVisualEffectGraphs":true,"m_FxEnabled":true},"in2DMode":false,"pivot":{"x":-0.0017557144165039063,"y":0.8804384469985962,"z":-0.02056753635406494},"rotation":{"x":0.1773689240217209,"y":-0.10752755403518677,"z":0.019499773159623147,"w":0.9780598282814026},"size":1.3878905773162842,"orthographic":false}