{"cameraMode":{"drawMode":0,"name":"Shaded","section":"Shading Mode"},"sceneLighting":false,"audioPlay":false,"sceneViewState":{"m_AlwaysRefresh":false,"showFog":true,"showSkybox":false,"showFlares":true,"showImageEffects":true,"showParticleSystems":true,"showVisualEffectGraphs":true,"m_FxEnabled":true},"in2DMode":false,"pivot":{"x":731.6047973632813,"y":353.3315124511719,"z":23.677120208740236},"rotation":{"x":-0.048575032502412799,"y":0.013176397420465947,"z":-0.0006426005274988711,"w":-0.9987393021583557},"size":278.0550231933594,"orthographic":false}